time,angle,bobY
0.0053,0.4894,0.7137
0.0157,0.5058,0.7377
0.0200,0.5126,0.7475
0.0325,0.5322,0.7761
0.0424,0.5475,0.7984
0.0461,0.5532,0.8068
0.0572,0.5703,0.8316
0.0613,0.5765,0.8407
0.0747,0.5967,0.8702
0.0791,0.6034,0.8799
0.0907,0.6207,0.9051
0.1126,0.6527,0.9519
0.1163,0.6582,0.9599
0.1256,0.6717,0.9795
0.1389,0.6905,1.0070
0.1531,0.7106,1.0363
0.1586,0.7183,1.0475
0.1696,0.7334,1.0696
0.1896,0.7605,1.1091
0.1982,0.7721,1.1259
0.2112,0.7892,1.1509
0.2164,0.7960,1.1608
0.2277,0.8105,1.1819
0.2417,0.8282,1.2079
0.2556,0.8455,1.2331
0.2594,0.8502,1.2399
0.2701,0.8632,1.2588
0.2745,0.8684,1.2664
0.2838,0.8795,1.2826
0.2959,0.8937,1.3033
0.3127,0.9128,1.3311
0.3296,0.9315,1.3584
0.3369,0.9395,1.3702
0.3408,0.9437,1.3762
0.3559,0.9596,1.3994
0.3740,0.9781,1.4264
0.3821,0.9862,1.4382
0.3861,0.9901,1.4439
0.3990,1.0026,1.4622
0.4133,1.0160,1.4817
0.4233,1.0251,1.4950
0.4324,1.0333,1.5068
0.4365,1.0368,1.5120
0.4496,1.0481,1.5285
0.4591,1.0560,1.5400
0.4632,1.0594,1.5450
0.4764,1.0700,1.5604
0.4804,1.0731,1.5649
0.4947,1.0840,1.5808
0.5047,1.0913,1.5914
0.5114,1.0960,1.5984
0.5198,1.1019,1.6069
0.5236,1.1045,1.6107
0.5344,1.1117,1.6212
0.5474,1.1200,1.6333
0.5509,1.1221,1.6364
0.5620,1.1288,1.6462
0.5661,1.1312,1.6497
0.5788,1.1384,1.6601
0.5831,1.1407,1.6635
0.5957,1.1473,1.6731
0.6003,1.1496,1.6765
0.6133,1.1559,1.6857
0.6177,1.1579,1.6886
0.6260,1.1616,1.6940
0.6387,1.1669,1.7017
0.6543,1.1729,1.7105
0.6581,1.1743,1.7125
0.6701,1.1784,1.7185
0.6741,1.1797,1.7204
0.6870,1.1836,1.7261
0.6911,1.1847,1.7277
0.7011,1.1874,1.7316
0.7116,1.1899,1.7352
0.7156,1.1908,1.7365
0.7253,1.1927,1.7394
0.7391,1.1951,1.7429
0.7429,1.1957,1.7437
0.7534,1.1971,1.7458
0.7579,1.1976,1.7465
0.7701,1.1988,1.7482
0.7769,1.1992,1.7489
0.7843,1.1996,1.7495
0.7972,1.2000,1.7500
0.8128,1.1998,1.7498
0.8183,1.1996,1.7495
0.8280,1.1991,1.7487
0.8324,1.1988,1.7483
0.8458,1.1976,1.7464
0.8589,1.1959,1.7440
0.8759,1.1931,1.7399
0.8899,1.1902,1.7357
0.8997,1.1879,1.7324
0.9126,1.1846,1.7275
0.9231,1.1815,1.7231
0.9328,1.1785,1.7186
0.9383,1.1767,1.7159
0.9465,1.1738,1.7117
0.9599,1.1687,1.7044
0.9636,1.1672,1.7022
0.9748,1.1626,1.6955
0.9793,1.1606,1.6926
0.9916,1.1550,1.6844
0.9966,1.1527,1.6810
1.0083,1.1468,1.6724
1.0217,1.1398,1.6622
1.0258,1.1376,1.6589
1.0375,1.1309,1.6492
1.0561,1.1197,1.6329
1.0660,1.1135,1.6238
1.0790,1.1049,1.6112
1.0833,1.1019,1.6069
1.0944,1.0942,1.5957
1.0984,1.0912,1.5914
1.1125,1.0808,1.5762
1.1205,1.0748,1.5674
1.1246,1.0716,1.5627
1.1355,1.0629,1.5501
1.1400,1.0593,1.5448
1.1540,1.0477,1.5278
1.1588,1.0436,1.5220
1.1694,1.0344,1.5085
1.1736,1.0307,1.5031
1.1866,1.0189,1.4860
1.1906,1.0153,1.4807
1.2034,1.0033,1.4632
1.2077,0.9992,1.4571
1.2174,0.9898,1.4434
1.2306,0.9766,1.4242
1.2345,0.9727,1.4186
1.2450,0.9619,1.4028
1.2493,0.9575,1.3963
1.2644,0.9414,1.3729
1.2796,0.9248,1.3487
1.2886,0.9148,1.3341
1.2925,0.9104,1.3277
1.3033,0.8981,1.3098
1.3073,0.8935,1.3031
1.3208,0.8777,1.2800
1.3308,0.8658,1.2626
1.3343,0.8616,1.2565
1.3471,0.8460,1.2338
1.3510,0.8411,1.2267
1.3622,0.8273,1.2064
1.3660,0.8225,1.1994
1.3789,0.8061,1.1755
1.3883,0.7938,1.1576
1.3917,0.7894,1.1512
1.4074,0.7687,1.1210
1.4232,0.7475,1.0901
1.4322,0.7352,1.0722
1.4443,0.7185,1.0479
1.4606,0.6957,1.0145
1.4659,0.6882,1.0036
1.4694,0.6832,0.9963
1.4800,0.6680,0.9742
1.4912,0.6518,0.9506
1.4956,0.6454,0.9412
1.5059,0.6302,0.9191
1.5118,0.6215,0.9063
1.5253,0.6013,0.8769
1.5294,0.5952,0.8679
1.5411,0.5774,0.8421
1.5539,0.5580,0.8137
1.5657,0.5398,0.7872
1.5701,0.5329,0.7771
1.5817,0.5148,0.7508
1.5860,0.5081,0.7410
1.5998,0.4863,0.7091
1.6160,0.4605,0.6716
1.6199,0.4542,0.6624
1.6320,0.4348,0.6341
1.6357,0.4287,0.6252
1.6497,0.4060,0.5921
1.6555,0.3966,0.5783
1.6632,0.3839,0.5598
1.6737,0.3666,0.5346
1.6779,0.3596,0.5245
1.6900,0.3397,0.4953
1.6941,0.3328,0.4854
1.7156,0.2969,0.4329
1.7198,0.2897,0.4225
1.7322,0.2688,0.3920
1.7366,0.2614,0.3812
1.7500,0.2387,0.3481
1.7664,0.2107,0.3073
1.7765,0.1934,0.2820
1.7873,0.1750,0.2552
1.7926,0.1658,0.2417
1.8032,0.1477,0.2153
1.8071,0.1410,0.2056
1.8197,0.1192,0.1739
1.8236,0.1124,0.1639
1.8438,0.0775,0.1129
1.8498,0.0671,0.0978
1.8632,0.0440,0.0642
1.8695,0.0331,0.0482
1.8803,0.0143,0.0209
1.8839,0.0081,0.0119
1.8963,-0.0135,-0.0197
1.9009,-0.0214,-0.0312
1.9105,-0.0381,-0.0555
1.9176,-0.0504,-0.0735
1.9416,-0.0920,-0.1341
1.9518,-0.1096,-0.1598
1.9589,-0.1218,-0.1776
1.9686,-0.1385,-0.2021
1.9786,-0.1558,-0.2272
1.9837,-0.1646,-0.2400
1.9925,-0.1797,-0.2620
2.0058,-0.2023,-0.2951
2.0131,-0.2148,-0.3132
2.0203,-0.2270,-0.3311
2.0246,-0.2344,-0.3419
2.0362,-0.2541,-0.3706
2.0403,-0.2611,-0.3808
2.0605,-0.2951,-0.4304
2.0644,-0.3018,-0.4401
2.0779,-0.3243,-0.4730
2.0823,-0.3316,-0.4836
2.0941,-0.3513,-0.5123
2.1010,-0.3626,-0.5288
2.1126,-0.3817,-0.5567
2.1215,-0.3963,-0.5780
2.1332,-0.4155,-0.6059
2.1367,-0.4211,-0.6142
2.1449,-0.4345,-0.6336
2.1584,-0.4562,-0.6653
2.1626,-0.4629,-0.6750
2.1768,-0.4856,-0.7082
2.1807,-0.4917,-0.7170
2.1910,-0.5080,-0.7408
2.1954,-0.5148,-0.7508
2.2048,-0.5295,-0.7722
2.2182,-0.5504,-0.8026
2.2220,-0.5562,-0.8111
2.2345,-0.5753,-0.8389
2.2427,-0.5877,-0.8571
2.2511,-0.6004,-0.8756
2.2554,-0.6068,-0.8849
2.2652,-0.6214,-0.9063
2.2756,-0.6367,-0.9285
2.2883,-0.6552,-0.9556
2.2924,-0.6613,-0.9644
2.2997,-0.6718,-0.9796
2.3123,-0.6898,-1.0060
2.3164,-0.6956,-1.0144
2.3281,-0.7120,-1.0384
2.3327,-0.7184,-1.0476
2.3448,-0.7351,-1.0720
2.3486,-0.7403,-1.0796
2.3619,-0.7583,-1.1058
2.3662,-0.7641,-1.1144
2.3758,-0.7769,-1.1329
2.3883,-0.7932,-1.1568
2.4052,-0.8150,-1.1885
2.4126,-0.8244,-1.2022
2.4167,-0.8296,-1.2098
2.4284,-0.8440,-1.2309
2.4324,-0.8490,-1.2381
2.4491,-0.8692,-1.2676
2.4659,-0.8890,-1.2965
2.4730,-0.8973,-1.3085
2.4764,-0.9011,-1.3141
2.4903,-0.9169,-1.3371
2.4982,-0.9256,-1.3498
2.5053,-0.9335,-1.3613
2.5163,-0.9454,-1.3786
2.5204,-0.9497,-1.3850
2.5334,-0.9633,-1.4048
2.5371,-0.9671,-1.4104
2.5474,-0.9776,-1.4257
2.5519,-0.9821,-1.4322
2.5632,-0.9933,-1.4485
2.5755,-1.0050,-1.4657
2.5810,-1.0102,-1.4733
2.5911,-1.0195,-1.4868
2.5981,-1.0259,-1.4961
2.6016,-1.0291,-1.5007
2.6172,-1.0427,-1.5206
2.6254,-1.0497,-1.5307
2.6325,-1.0556,-1.5394
2.6368,-1.0591,-1.5445
2.6489,-1.0688,-1.5586
2.6590,-1.0767,-1.5701
2.6715,-1.0860,-1.5838
2.6767,-1.0898,-1.5893
2.6842,-1.0952,-1.5972
2.6964,-1.1037,-1.6096
2.7003,-1.1063,-1.6134
2.7117,-1.1138,-1.6243
2.7162,-1.1167,-1.6286
2.7281,-1.1241,-1.6393
2.7325,-1.1268,-1.6432
2.7455,-1.1343,-1.6542
2.7570,-1.1407,-1.6635
2.7684,-1.1466,-1.6722
2.7721,-1.1485,-1.6749
2.7810,-1.1529,-1.6813
2.7859,-1.1552,-1.6847
2.7974,-1.1605,-1.6923
2.8085,-1.1652,-1.6992
2.8124,-1.1668,-1.7016
2.8240,-1.1713,-1.7082
2.8338,-1.1749,-1.7135
2.8375,-1.1762,-1.7153
2.8500,-1.1803,-1.7213
2.8535,-1.1814,-1.7229
2.8663,-1.1851,-1.7283
2.8704,-1.1862,-1.7298
2.8834,-1.1894,-1.7345
2.8874,-1.1903,-1.7358
2.9004,-1.1929,-1.7397
2.9044,-1.1937,-1.7408
2.9156,-1.1955,-1.7434
2.9212,-1.1963,-1.7446
2.9319,-1.1976,-1.7465
2.9360,-1.1981,-1.7471
2.9488,-1.1991,-1.7487
2.9534,-1.1994,-1.7491
2.9676,-1.1999,-1.7499
2.9848,-1.1999,-1.7499
2.9927,-1.1996,-1.7495
2.9976,-1.1994,-1.7491
3.0066,-1.1988,-1.7482
3.0109,-1.1984,-1.7477
3.0243,-1.1970,-1.7457
3.0420,-1.1945,-1.7420
3.0509,-1.1929,-1.7396
3.0572,-1.1917,-1.7378
3.0656,-1.1899,-1.7352
3.0696,-1.1889,-1.7339
3.0817,-1.1859,-1.7295
3.0856,-1.1848,-1.7279
3.1007,-1.1804,-1.7215
3.1126,-1.1765,-1.7158
3.1166,-1.1751,-1.7138
3.1283,-1.1709,-1.7075
3.1323,-1.1693,-1.7053
3.1423,-1.1653,-1.6994
3.1559,-1.1595,-1.6909
3.1595,-1.1578,-1.6885
3.1704,-1.1527,-1.6810
3.1745,-1.1507,-1.6781
3.1846,-1.1457,-1.6707
3.1889,-1.1434,-1.6675
3.2009,-1.1369,-1.6580
3.2144,-1.1292,-1.6467
3.2183,-1.1269,-1.6434
3.2313,-1.1190,-1.6318
3.2423,-1.1119,-1.6216
3.2464,-1.1092,-1.6176
3.2546,-1.1038,-1.6097
3.2681,-1.0944,-1.5960
3.2822,-1.0841,-1.5810
3.2863,-1.0810,-1.5765
3.2962,-1.0734,-1.5654
3.3093,-1.0631,-1.5504
3.3128,-1.0603,-1.5462
3.3235,-1.0515,-1.5334
3.3280,-1.0477,-1.5279
3.3408,-1.0367,-1.5118
3.3506,-1.0280,-1.4992
3.3599,-1.0196,-1.4869
3.3683,-1.0118,-1.4755
3.3721,-1.0083,-1.4704
3.3833,-0.9977,-1.4549
3.3879,-0.9932,-1.4484
3.3992,-0.9820,-1.4321
3.4088,-0.9724,-1.4181
3.4213,-0.9596,-1.3994
3.4255,-0.9551,-1.3929
3.4341,-0.9460,-1.3796
3.4473,-0.9318,-1.3589
3.4511,-0.9276,-1.3527
3.4616,-0.9160,-1.3358
3.4657,-0.9113,-1.3290
3.4755,-0.9001,-1.3127
3.5005,-0.8710,-1.2702
3.5116,-0.8576,-1.2506
3.5165,-0.8517,-1.2420
3.5250,-0.8411,-1.2266
3.5374,-0.8257,-1.2041
3.5412,-0.8209,-1.1971
3.5538,-0.8048,-1.1737
3.5570,-0.8007,-1.1677
3.5705,-0.7831,-1.1420
3.5743,-0.7781,-1.1348
3.5856,-0.7631,-1.1129
3.5963,-0.7487,-1.0918
3.6095,-0.7307,-1.0656
3.6130,-0.7258,-1.0585
3.6224,-0.7129,-1.0396
3.6301,-0.7020,-1.0237
3.6389,-0.6895,-1.0056
3.6499,-0.6739,-0.9827
3.6538,-0.6682,-0.9745
3.6657,-0.6511,-0.9495
3.6695,-0.6454,-0.9413
3.6793,-0.6312,-0.9204
3.6924,-0.6116,-0.8919
3.6968,-0.6050,-0.8824
3.7082,-0.5879,-0.8574
3.7128,-0.5810,-0.8473
3.7257,-0.5612,-0.8184
3.7301,-0.5546,-0.8088
3.7416,-0.5367,-0.7827
3.7487,-0.5258,-0.7667
3.7634,-0.5027,-0.7331
3.7677,-0.4959,-0.7232
3.7793,-0.4775,-0.6964
3.7838,-0.4704,-0.6861
3.7967,-0.4496,-0.6557
3.8019,-0.4413,-0.6436
3.8115,-0.4258,-0.6210
3.8207,-0.4109,-0.5992
3.8349,-0.3876,-0.5653
3.8400,-0.3793,-0.5531
3.8518,-0.3598,-0.5247
3.8629,-0.3414,-0.4978
3.8755,-0.3204,-0.4673
3.8790,-0.3146,-0.4588
3.8883,-0.2990,-0.4360
3.9009,-0.2777,-0.4050
3.9047,-0.2714,-0.3958
3.9158,-0.2525,-0.3682
3.9200,-0.2454,-0.3579
3.9330,-0.2234,-0.3258
3.9421,-0.2078,-0.3031
3.9586,-0.1795,-0.2618
3.9745,-0.1523,-0.2221
3.9781,-0.1461,-0.2130
3.9904,-0.1248,-0.1821
4.0042,-0.1010,-0.1472
4.0161,-0.0804,-0.1172
4.0364,-0.0453,-0.0661
4.0414,-0.0366,-0.0534
4.0504,-0.0210,-0.0306
4.0644,0.0032,0.0047
4.0722,0.0168,0.0245
4.0804,0.0309,0.0451
4.0839,0.0371,0.0541
4.0958,0.0576,0.0840
4.1011,0.0668,0.0974
4.1106,0.0833,0.1215
4.1145,0.0900,0.1313
4.1290,0.1152,0.1680
4.1339,0.1236,0.1802
4.1448,0.1423,0.2076
4.1489,0.1494,0.2179
4.1620,0.1719,0.2507
4.1715,0.1883,0.2745
4.1752,0.1945,0.2836
4.1875,0.2155,0.3143
4.1932,0.2252,0.3284
4.2028,0.2416,0.3523
4.2067,0.2483,0.3621
4.2199,0.2705,0.3945
4.2298,0.2873,0.4190
4.2377,0.3005,0.4382
4.2448,0.3125,0.4557
4.2489,0.3193,0.4657
4.2601,0.3380,0.4929
4.2641,0.3446,0.5025
4.2789,0.3691,0.5383
4.2837,0.3770,0.5498
4.2952,0.3960,0.5775
4.3048,0.4116,0.6002
4.3088,0.4181,0.6097
4.3220,0.4394,0.6408
4.3256,0.4452,0.6493
4.3365,0.4627,0.6748
4.3406,0.4694,0.6845
4.3528,0.4888,0.7128
4.3573,0.4959,0.7232
4.3700,0.5158,0.7522
4.3740,0.5220,0.7613
4.3839,0.5375,0.7839
4.3939,0.5530,0.8064
4.3994,0.5614,0.8186
4.4124,0.5812,0.8475
4.4162,0.5870,0.8561
4.4292,0.6065,0.8844
4.4330,0.6122,0.8927
4.4441,0.6286,0.9167
4.4547,0.6442,0.9395
4.4682,0.6639,0.9682
4.4798,0.6805,0.9924
4.4922,0.6982,1.0181
4.4962,0.7038,1.0264
4.5065,0.7182,1.0473
4.5107,0.7241,1.0559
4.5245,0.7429,1.0833
4.5420,0.7665,1.1178
4.5530,0.7811,1.1391
4.5655,0.7974,1.1629
4.5698,0.8029,1.1709
4.5823,0.8189,1.1942
4.5865,0.8243,1.2021
4.6012,0.8425,1.2287
